      --bcb-blue:#0A456D;
      --bcb-blue-dark:#08314C;
      --bcb-blue-soft:#2F6691;
      --bcb-gold:#D7C392;
      --bcb-gold-dark:#846D41;
      --line:#d8e2ec;
      --line-soft:#edf2f7;
      --bg:#edf2f5;
      --ink:#183042;
      --muted:#5f7284;
      width:100%;
      color:var(--ink);
      max-width:1180px;
      margin:0 auto;
    /* ===== CABECERA PRINCIPAL ===== */
      position:relative;
      overflow:hidden;
      border-radius:24px;
      box-shadow:0 16px 34px rgba(8,49,76,.14);
      color:#fff;
      margin-bottom:20px;
      content:"";
      position:absolute;
      right:-110px;
      top:-46px;
      width:320px;
      height:320px;
      border-radius:50%;
      pointer-events:none;
      content:"";
      position:absolute;
      right:-70px;
      top:0;
      width:300px;
      height:190px;
      border-radius:0 0 0 100%;
      pointer-events:none;
      display:inline-block;
      margin:0 0 10px;
      color:#f9e9b8;
      font-size:13px;
      font-weight:900;
      letter-spacing:.05em;
      text-transform:uppercase;
      margin:0;
      max-width:860px;
      font-size:22px;
      line-height:1.18;
      font-weight:900;
      color:#fff;
      margin-top:12px;
      color:#f4f8fb;
      font-size:14px;
      line-height:1.55;
      font-weight:700;
      position:relative;
      z-index:1;
      margin-top:18px;
      border:1px solid rgba(255,255,255,.18);
      border-radius:18px;
      display:flex;
      align-items:center;
      justify-content:space-between;
      gap:18px;
      flex-wrap:wrap;
      backdrop-filter: blur(2px);
      margin:0 0 8px;
      color:#f9e9b8;
      font-size:12px;
      font-weight:900;
      letter-spacing:.05em;
      text-transform:uppercase;
      display:flex;
      align-items:center;
      gap:10px;
      flex-wrap:wrap;
      min-width:155px;
      height:40px;
      border:0;
      border-radius:14px;
      color:#153349;
      font-size:14px;
      font-weight:800;
      height:40px;
      border:0;
      border-radius:999px;
      color:#17324a;
      font-size:14px;
      font-weight:900;
      cursor:pointer;
      box-shadow:0 6px 14px rgba(0,0,0,.12);
      width:100%;
      margin-top:6px;
      color:#eaf4fb;
      font-size:11.5px;
      line-height:1.35;
      font-weight:700;
      display:none;
      display:block;
      min-width:230px;
      text-align:right;
      color:#dfeaf3;
      font-size:12px;
      line-height:1.35;
      font-weight:700;
      display:block;
      color:#fff;
      font-size:14px;
      margin-top:2px;
      min-width:370px;
      flex:1;
      display:flex;
      flex-direction:column;
      align-items:center;
      justify-content:center;
      gap:12px;
      width:100%;
      display:flex;
      align-items:center;
      justify-content:center;
      gap:10px;
      flex-wrap:wrap;
      width:100%;
      display:flex;
      align-items:center;
      justify-content:center;
      gap:12px;
      flex-wrap:wrap;
      width:100%;
      min-width:140px;
      display:inline-flex;
      align-items:center;
      justify-content:center;
      min-width:170px;
      margin:0;
      flex:0 0 auto;
      width:100%;
      margin-top:0;
      color:#eaf4fb;
      font-size:11.5px;
      line-height:1.35;
      font-weight:700;
      text-align:center;
    /* ===== PANEL TABLA ===== */
      border-radius:20px;
      border:1px solid #d4dde6;
      box-shadow:0 10px 22px rgba(14, 38, 59, .06);
      display:flex;
      align-items:flex-start;
      justify-content:space-between;
      gap:14px;
      flex-wrap:wrap;
      margin-bottom:12px;
      margin:0;
      color:var(--bcb-blue-dark);
      font-size:18px;
      font-weight:900;
      line-height:1.2;
      margin:5px 0 0;
      color:#5e7590;
      font-size:12px;
      align-self:center;
      color:#6e5320;
      border-radius:999px;
      font-size:12px;
      font-weight:900;
      white-space:nowrap;
      overflow:auto;
      max-height:72vh;
      border-radius:14px;
      border:1px solid #d2dbe5;
      -webkit-overflow-scrolling:touch;
      position:relative;
      border-collapse:separate;
      border-spacing:0;
      min-width:2400px;
      width:max-content;
      font-size:12px;
      color:#213242;
      border-right:1px solid #d7e1ea;
      border-bottom:1px solid #d7e1ea;
      white-space:nowrap;
      vertical-align:middle;
      text-align:center;
      font-weight:900;
      color:#fff;
      border-bottom:1px solid rgba(255,255,255,.55);
      position:sticky;
      top:0;
      z-index:30;
      height:40px;
      padding-top:7px;
      padding-bottom:7px;
      position:sticky;
      top:40px;
      z-index:29;
      height:34px;
      padding-top:6px;
      padding-bottom:6px;
      position:sticky;
      left:0;
      z-index:20;
      min-width:100px;
      font-weight:900;
      color:#1a2e3f;
      box-shadow:8px 0 12px -13px rgba(0,0,0,.5);
      background-clip:padding-box;
    /*
      Corrección de capas:
      Al hacer scroll horizontal, las cabeceras de bancos pasan por debajo
      de la primera columna fija. Esta celda debe quedar por encima de ambas
      filas del thead para evitar que se sobrepongan los textos.
    */
      position:sticky;
      top:0;
      left:0;
      color:#fff;
      z-index:120 !important;
      box-shadow:8px 0 12px -13px rgba(0,0,0,.65);
      background-clip:padding-box;
      color:#51401b !important;
      font-weight:900;
      font-weight:900;
      color:#183042;
      color:#4f3f1b !important;
      color:#5d4a1f;
      font-weight:900;
      border-top:2px solid var(--bcb-gold-dark);
      margin-top:14px;
      border-left:5px solid var(--bcb-gold-dark);
      border-radius:12px;
      color:#364454;
      font-size:12.5px;
      line-height:1.55;
    @media (max-width: 768px){
    /* ===== REPORTE RESUMEN - LÍNEA GRÁFICA PÁGINA WEB ===== */
      margin:0 0 18px;
      color:#fff;
      border-left:8px solid var(--bcb-gold-dark);
      font-size:27px;
      line-height:1.14;
      font-weight:950;
      letter-spacing:.01em;
      text-transform:uppercase;
      box-shadow:0 2px 0 rgba(0,0,0,.04);
      border:1px solid #eef2f6;
      box-shadow:0 10px 22px rgba(14,38,59,.05);
      margin:0 0 22px;
      min-height:620px;
      position:relative;
      display:grid;
      grid-template-columns:160px 1fr 160px;
      gap:10px;
      align-items:start;
      margin-bottom:18px;
      justify-self:start;
      margin-top:8px;
      color:#0A456D !important;
      font-size:11px;
      font-weight:900;
      text-decoration:none;
      text-align:center;
      color:#202a33;
      margin:0 0 6px;
      font-size:17px;
      line-height:1.1;
      font-weight:950;
      color:#202a33;
      display:inline-flex;
      align-items:center;
      justify-content:center;
      min-width:126px;
      min-height:34px;
      color:#fff;
      font-size:20px;
      line-height:1;
      font-weight:950;
      text-align:center;
      display:block;
      margin-top:6px;
      color:#7b858e;
      font-size:11px;
      line-height:1.35;
      font-weight:850;
      text-transform:uppercase;
      display:block;
      margin-top:2px;
      color:#52616b;
      font-size:11px;
      line-height:1.35;
      font-weight:850;
      width:min(560px, 82%);
      margin:0 auto 28px;
      color:#46525c;
      text-align:center;
      font-size:12px;
      line-height:1.45;
      font-weight:600;
      width:min(900px, 84%);
      margin:0 auto;
      overflow-x:auto;
      -webkit-overflow-scrolling:touch;
      width:100%;
      border-collapse:separate;
      border-spacing:0;
      color:#22313c;
      font-size:13px;
      line-height:1.2;
      color:#fff;
      font-size:12px;
      line-height:1.15;
      font-weight:950;
      text-align:center;
      border:0;
      text-align:left;
      border-top-left-radius:5px;
      border-top-right-radius:5px;
      border-bottom:1px solid #edf2f7;
      vertical-align:middle;
      text-align:right;
      white-space:nowrap;
      font-weight:750;
      font-variant-numeric:tabular-nums;
      color:#075A88;
      font-weight:950;
      border-top:2px solid #075A88;
      border-bottom:0;
      width:min(900px, 84%);
      margin:118px auto 0;
      color:#687783;
      font-size:11px;
      line-height:1.45;
      font-weight:500;
      width:min(900px, 84%);
      margin:18px auto 0;
      padding-top:14px;
      border-top:1px solid #d8e2ec;
      color:#3b4b57;
      font-size:12px;
      line-height:1.55;
      text-align:justify;
    @media (max-width:768px){
        font-size:22px;
        margin-bottom:14px;
        min-height:unset;
        grid-template-columns:1fr;
        gap:8px;
        margin:0 0 6px 0;
        width:100%;
        font-size:12px;
        margin-top:46px;
  </style>
  <div class="vrd-shell">
    <div class="vrd-hero" id="tcoDetalle">
      <div class="vrd-kicker">Banco Central de Bolivia</div>
      <h2 class="vrd-title">Tipo de Cambio Oficial del Dólar Estadounidense (TCO) - Fecha de corte martes 28 de julio de 2026</h2>
      <div class="vrd-legend">
        <div>Monto - Expresado en dólares estadounidenses</div>
        <div>N° - Número de Transacciones</div>
        <div>TCO - Tipo de Cambio Oficial (En Bs/USD)</div>
      </div>
      <div class="vrd-chooser">
        <div>
          <div class="vrd-chooser-label">Elegir fecha</div>
          <form class="vrd-form" method="get" id="vrdFechaForm">
            <input
              type="date"
              id="fecha"
              name="fecha"
              value="2026-07-28"
              min="2026-06-26"
              max="2026-07-28"
              list="vrdFechasDisponibles"
              data-fechas='[&quot;2026-06-26&quot;,&quot;2026-06-29&quot;,&quot;2026-06-30&quot;,&quot;2026-07-01&quot;,&quot;2026-07-02&quot;,&quot;2026-07-03&quot;,&quot;2026-07-06&quot;,&quot;2026-07-07&quot;,&quot;2026-07-08&quot;,&quot;2026-07-09&quot;,&quot;2026-07-10&quot;,&quot;2026-07-13&quot;,&quot;2026-07-14&quot;,&quot;2026-07-15&quot;,&quot;2026-07-17&quot;,&quot;2026-07-20&quot;,&quot;2026-07-21&quot;,&quot;2026-07-22&quot;,&quot;2026-07-23&quot;,&quot;2026-07-24&quot;,&quot;2026-07-27&quot;,&quot;2026-07-28&quot;]'
              aria-label="Elegir fecha disponible">
            <datalist id="vrdFechasDisponibles">
                              <option value="2026-06-26">26 de junio de 2026</option>
                              <option value="2026-06-29">29 de junio de 2026</option>
                              <option value="2026-06-30">30 de junio de 2026</option>
                              <option value="2026-07-01">1 de julio de 2026</option>
                              <option value="2026-07-02">2 de julio de 2026</option>
                              <option value="2026-07-03">3 de julio de 2026</option>
                              <option value="2026-07-06">6 de julio de 2026</option>
                              <option value="2026-07-07">7 de julio de 2026</option>
                              <option value="2026-07-08">8 de julio de 2026</option>
                              <option value="2026-07-09">9 de julio de 2026</option>
                              <option value="2026-07-10">10 de julio de 2026</option>
                              <option value="2026-07-13">13 de julio de 2026</option>
                              <option value="2026-07-14">14 de julio de 2026</option>
                              <option value="2026-07-15">15 de julio de 2026</option>
                              <option value="2026-07-17">17 de julio de 2026</option>
                              <option value="2026-07-20">20 de julio de 2026</option>
                              <option value="2026-07-21">21 de julio de 2026</option>
                              <option value="2026-07-22">22 de julio de 2026</option>
                              <option value="2026-07-23">23 de julio de 2026</option>
                              <option value="2026-07-24">24 de julio de 2026</option>
                              <option value="2026-07-27">27 de julio de 2026</option>
                              <option value="2026-07-28">28 de julio de 2026</option>
                          </datalist>
            <button type="submit">Ver datos</button>
            <div class="vrd-date-help" id="vrdFechaHelp">
              Solo se pueden consultar fechas de corte con datos cargados.
            </div>
          </form>
        </div>
        <div class="vrd-export">
          <form class="vrd-form" method="get" action="tco_tcreferencial_descargar_csv.php" target="_blank">
            <div class="vrd-export-range">
              <input type="date" name="desde" value="2026-06-26" min="2026-06-26" max="2026-07-28" aria-label="Fecha desde">
              <input type="date" name="hasta" value="2026-07-28" min="2026-06-26" max="2026-07-28" aria-label="Fecha hasta">
            </div>
            <div class="vrd-export-actions">
              <button type="submit" formaction="tco_tcreferencial_descargar_csv.php">Descargar CSV</button>
              <!--<button type="submit" formaction="vrd_tcreferencial_descargar_excel.php">Descargar Excel</button>-->
            </div>
            <div class="vrd-export-note">Se exportan solo las fechas de corte con datos cargados dentro del rango seleccionado.</div>
          </form>
        </div>
        <div class="vrd-date-info">
          Fecha de corte:
          <strong>martes 28 de julio de 2026</strong>
          <small style="display:block;margin-top:4px;color:#607080">Vigencia: miércoles 29 de julio de 2026</small>
        </div>
      </div>
    </div>
    <div class="vrd-panel">
      <div class="vrd-scroller" role="region" aria-label="Tabla TCO con desplazamiento">
        <table class="matrix">
          <thead>
            <tr>
              <th class="tc-col" rowspan="2">TC<br>(En Bs/USD)</th>
                              <th colspan="2">BANCO BISA</th>
                              <th colspan="2">BANCO DE CRÉDITO</th>
                              <th colspan="2">BANCO DE LA NACIÓN ARGENTINA</th>
                              <th colspan="2">BANCO ECONÓMICO</th>
                              <th colspan="2">BANCO FIE</th>
                              <th colspan="2">BANCO FORTALEZA</th>
                              <th colspan="2">BANCO GANADERO</th>
                              <th colspan="2">BANCO MERCANTIL SANTA CRUZ</th>
                              <th colspan="2">BANCO NACIONAL DE BOLIVIA</th>
                              <th colspan="2">BANCO PRODEM</th>
                              <th colspan="2">BANCO PYME DE LA COMUNIDAD</th>
                              <th colspan="2">BANCO PYME ECOFUTURO</th>
                              <th colspan="2">BANCO SOLIDARIO</th>
                              <th colspan="2">BANCO UNION</th>
                            <th class="col-total" colspan="2">TOTAL BANCOS</th>
            </tr>
            <tr>
                              <th>N°</th>
                <th>Monto</th>
                              <th>N°</th>
                <th>Monto</th>
                              <th>N°</th>
                <th>Monto</th>
                              <th>N°</th>
                <th>Monto</th>
                              <th>N°</th>
                <th>Monto</th>
                              <th>N°</th>
                <th>Monto</th>
                              <th>N°</th>
                <th>Monto</th>
                              <th>N°</th>
                <th>Monto</th>
                              <th>N°</th>
                <th>Monto</th>
                              <th>N°</th>
                <th>Monto</th>
                              <th>N°</th>
                <th>Monto</th>
                              <th>N°</th>
                <th>Monto</th>
                              <th>N°</th>
                <th>Monto</th>
                              <th>N°</th>
                <th>Monto</th>
                            <th class="col-total">N°</th>
              <th class="col-total">Monto</th>
            </tr>
          </thead>
          <tbody>
                          <tr>
                <td class="tc-col num">9,6300</td>
                                                    <td class="num">-</td>
                  <td class="num">-</td>
                                                    <td class="num">-</td>
                  <td class="num">-</td>
                                                    <td class="num">-</td>
                  <td class="num">-</td>
                                                    <td class="num">-</td>
                  <td class="num">-</td>
                                                    <td class="num">-</td>
                  <td class="num">-</td>
                                                    <td class="num">-</td>
                  <td class="num">-</td>
                                                    <td class="num">1</td>
                  <td class="num">16.429</td>
                                                    <td class="num">-</td>
                  <td class="num">-</td>
                                                    <td class="num">-</td>
                  <td class="num">-</td>
                                                    <td class="num">-</td>
                  <td class="num">-</td>
                                                    <td class="num">-</td>
                  <td class="num">-</td>
                                                    <td class="num">-</td>
                  <td class="num">-</td>
                                                    <td class="num">-</td>
                  <td class="num">-</td>
                                                    <td class="num">-</td>
                  <td class="num">-</td>
                                                <td class="num col-total">1</td>
                <td class="num col-total">16.429</td>
              </tr>
                          <tr>
                <td class="tc-col num">9,7000</td>
                                                    <td class="num">-</td>
                  <td class="num">-</td>
                                                    <td class="num">-</td>
                  <td class="num">-</td>
                                                    <td class="num">-</td>
                  <td class="num">-</td>
                                                    <td class="num">-</td>
                  <td class="num">-</td>
                                                    <td class="num">-</td>
                  <td class="num">-</td>
                                                    <td class="num">-</td>
                  <td class="num">-</td>
                                                    <td class="num">1</td>
                  <td class="num">103</td>
                                                    <td class="num">-</td>
                  <td class="num">-</td>
                                                    <td class="num">-</td>
                  <td class="num">-</td>
                                                    <td class="num">-</td>
                  <td class="num">-</td>
                                                    <td class="num">-</td>
                  <td class="num">-</td>
                                                    <td class="num">-</td>
                  <td class="num">-</td>
                                                    <td class="num">-</td>
                  <td class="num">-</td>
                                                    <td class="num">-</td>
                  <td class="num">-</td>
                                                <td class="num col-total">1</td>
                <td class="num col-total">103</td>
              </tr>
                          <tr>
                <td class="tc-col num">9,7300</td>
                                                    <td class="num">-</td>
                  <td class="num">-</td>
                                                    <td class="num">-</td>
                  <td class="num">-</td>
                                                    <td class="num">-</td>
                  <td class="num">-</td>
                                                    <td class="num">-</td>
                  <td class="num">-</td>
                                                    <td class="num">-</td>
                  <td class="num">-</td>
                                                    <td class="num">-</td>
                  <td class="num">-</td>
                                                    <td class="num">1</td>
                  <td class="num">124.999</td>
                                                    <td class="num">-</td>
                  <td class="num">-</td>
                                                    <td class="num">-</td>
                  <td class="num">-</td>
                                                    <td class="num">-</td>
                  <td class="num">-</td>
                                                    <td class="num">-</td>
                  <td class="num">-</td>
                                                    <td class="num">-</td>
                  <td class="num">-</td>
                                                    <td class="num">-</td>
                  <td class="num">-</td>
                                                    <td class="num">-</td>
                  <td class="num">-</td>
                                                <td class="num col-total">1</td>
                <td class="num col-total">124.999</td>
              </tr>
                          <tr>
                <td class="tc-col num">9,9600</td>
                                                    <td class="num">-</td>
                  <td class="num">-</td>
                                                    <td class="num">-</td>
                  <td class="num">-</td>
                                                    <td class="num">-</td>
                  <td class="num">-</td>
                                                    <td class="num">-</td>
                  <td class="num">-</td>
                                                    <td class="num">-</td>
                  <td class="num">-</td>
                                                    <td class="num">-</td>
                  <td class="num">-</td>
                                                    <td class="num">1</td>
                  <td class="num">9.251</td>
                                                    <td class="num">-</td>
                  <td class="num">-</td>
                                                    <td class="num">-</td>
                  <td class="num">-</td>
                                                    <td class="num">-</td>
                  <td class="num">-</td>
                                                    <td class="num">-</td>
                  <td class="num">-</td>
                                                    <td class="num">-</td>
                  <td class="num">-</td>
                                                    <td class="num">-</td>
                  <td class="num">-</td>
                                                    <td class="num">-</td>
                  <td class="num">-</td>
                                                <td class="num col-total">1</td>
                <td class="num col-total">9.251</td>
              </tr>
                          <tr>
                <td class="tc-col num">10,8500</td>
                                                    <td class="num">-</td>
                  <td class="num">-</td>
                                                    <td class="num">-</td>
                  <td class="num">-</td>
                                                    <td class="num">-</td>
                  <td class="num">-</td>
                                                    <td class="num">-</td>
                  <td class="num">-</td>
                                                    <td class="num">-</td>
                  <td class="num">-</td>
                                                    <td class="num">-</td>
                  <td class="num">-</td>
                                                    <td class="num">1</td>
                  <td class="num">92</td>
                                                    <td class="num">-</td>
                  <td class="num">-</td>
                                                    <td class="num">-</td>
                  <td class="num">-</td>
                                                    <td class="num">-</td>
                  <td class="num">-</td>
                                                    <td class="num">-</td>
                  <td class="num">-</td>
                                                    <td class="num">-</td>
                  <td class="num">-</td>
                                                    <td class="num">-</td>
                  <td class="num">-</td>
                                                    <td class="num">-</td>
                  <td class="num">-</td>
                                                <td class="num col-total">1</td>
                <td class="num col-total">92</td>
              </tr>
                          <tr>
                <td class="tc-col num">10,9000</td>
                                                    <td class="num">-</td>
                  <td class="num">-</td>
                                                    <td class="num">-</td>
                  <td class="num">-</td>
                                                    <td class="num">-</td>
                  <td class="num">-</td>
                                                    <td class="num">-</td>
                  <td class="num">-</td>
                                                    <td class="num">-</td>
                  <td class="num">-</td>
                                                    <td class="num">-</td>
                  <td class="num">-</td>
                                                    <td class="num">1</td>
                  <td class="num">999</td>
                                                    <td class="num">-</td>
                  <td class="num">-</td>
                                                    <td class="num">-</td>
                  <td class="num">-</td>
                                                    <td class="num">-</td>
                  <td class="num">-</td>
                                                    <td class="num">-</td>
                  <td class="num">-</td>
                                                    <td class="num">-</td>
                  <td class="num">-</td>
                                                    <td class="num">-</td>
                  <td class="num">-</td>
                                                    <td class="num">-</td>
                  <td class="num">-</td>
                                                <td class="num col-total">1</td>
                <td class="num col-total">999</td>
              </tr>
                          <tr>
                <td class="tc-col num">10,9600</td>
                                                    <td class="num">-</td>
                  <td class="num">-</td>
                                                    <td class="num">-</td>
                  <td class="num">-</td>
                                                    <td class="num">-</td>
                  <td class="num">-</td>
                                                    <td class="num">-</td>
                  <td class="num">-</td>
                                                    <td class="num">-</td>
                  <td class="num">-</td>
                                                    <td class="num">-</td>
                  <td class="num">-</td>
                                                    <td class="num">-</td>
                  <td class="num">-</td>
                                                    <td class="num">-</td>
                  <td class="num">-</td>
                                                    <td class="num">-</td>
                  <td class="num">-</td>
                                                    <td class="num">-</td>
                  <td class="num">-</td>
                                                    <td class="num">-</td>
                  <td class="num">-</td>
                                                    <td class="num">-</td>
                  <td class="num">-</td>
                                                    <td class="num">25</td>
                  <td class="num">2.991</td>
                                                    <td class="num">-</td>
                  <td class="num">-</td>
                                                <td class="num col-total">25</td>
                <td class="num col-total">2.991</td>
              </tr>
                          <tr>
                <td class="tc-col num">11,0000</td>
                                                    <td class="num">-</td>
                  <td class="num">-</td>
                                                    <td class="num">-</td>
                  <td class="num">-</td>
                                                    <td class="num">-</td>
                  <td class="num">-</td>
                                                    <td class="num">-</td>
                  <td class="num">-</td>
                                                    <td class="num">-</td>
                  <td class="num">-</td>
                                                    <td class="num">-</td>
                  <td class="num">-</td>
                                                    <td class="num">1</td>
                  <td class="num">182</td>
                                                    <td class="num">-</td>
                  <td class="num">-</td>
                                                    <td class="num">-</td>
                  <td class="num">-</td>
                                                    <td class="num">-</td>
                  <td class="num">-</td>
                                                    <td class="num">-</td>
                  <td class="num">-</td>
                                                    <td class="num">-</td>
                  <td class="num">-</td>
                                                    <td class="num">2</td>
                  <td class="num">2.615</td>
                                                    <td class="num">-</td>
                  <td class="num">-</td>
                                                <td class="num col-total">3</td>
                <td class="num col-total">2.797</td>
              </tr>
                          <tr>
                <td class="tc-col num">11,1300</td>
                                                    <td class="num">-</td>
                  <td class="num">-</td>
                                                    <td class="num">-</td>
                  <td class="num">-</td>
                                                    <td class="num">-</td>
                  <td class="num">-</td>
                                                    <td class="num">-</td>
                  <td class="num">-</td>
                                                    <td class="num">-</td>
                  <td class="num">-</td>
                                                    <td class="num">-</td>
                  <td class="num">-</td>
                                                    <td class="num">1</td>
                  <td class="num">175</td>
                                                    <td class="num">-</td>
                  <td class="num">-</td>
                                                    <td class="num">-</td>
                  <td class="num">-</td>
                                                    <td class="num">-</td>
                  <td class="num">-</td>
                                                    <td class="num">-</td>
                  <td class="num">-</td>
                                                    <td class="num">-</td>
                  <td class="num">-</td>
                                                    <td class="num">-</td>
                  <td class="num">-</td>
                                                    <td class="num">-</td>
                  <td class="num">-</td>
                                                <td class="num col-total">1</td>
                <td class="num col-total">175</td>
              </tr>
                          <tr>
                <td class="tc-col num">11,1400</td>
                                                    <td class="num">-</td>
                  <td class="num">-</td>
                                                    <td class="num">-</td>
                  <td class="num">-</td>
                                                    <td class="num">-</td>
                  <td class="num">-</td>
                                                    <td class="num">-</td>
                  <td class="num">-</td>
                                                    <td class="num">-</td>
                  <td class="num">-</td>
                                                    <td class="num">-</td>
                  <td class="num">-</td>
                                                    <td class="num">-</td>
                  <td class="num">-</td>
                                                    <td class="num">-</td>
                  <td class="num">-</td>
                                                    <td class="num">-</td>
                  <td class="num">-</td>
                                                    <td class="num">-</td>
                  <td class="num">-</td>
                                                    <td class="num">-</td>
                  <td class="num">-</td>
                                                    <td class="num">6</td>
                  <td class="num">739</td>
                                                    <td class="num">-</td>
                  <td class="num">-</td>
                                                    <td class="num">-</td>
                  <td class="num">-</td>
                                                <td class="num col-total">6</td>
                <td class="num col-total">739</td>
              </tr>
                          <tr>
                <td class="tc-col num">11,1500</td>
                                                    <td class="num">-</td>
                  <td class="num">-</td>
                                                    <td class="num">-</td>
                  <td class="num">-</td>
                                                    <td class="num">-</td>
                  <td class="num">-</td>
                                                    <td class="num">-</td>
                  <td class="num">-</td>
                                                    <td class="num">-</td>
                  <td class="num">-</td>
                                                    <td class="num">-</td>
                  <td class="num">-</td>
                                                    <td class="num">-</td>
                  <td class="num">-</td>
                                                    <td class="num">-</td>
                  <td class="num">-</td>
                                                    <td class="num">-</td>
                  <td class="num">-</td>
                                                    <td class="num">-</td>
                  <td class="num">-</td>
                                                    <td class="num">-</td>
                  <td class="num">-</td>
                                                    <td class="num">-</td>
                  <td class="num">-</td>
                                                    <td class="num">2</td>
                  <td class="num">249.200</td>
                                                    <td class="num">-</td>
                  <td class="num">-</td>
                                                <td class="num col-total">2</td>
                <td class="num col-total">249.200</td>
              </tr>
                          <tr>
                <td class="tc-col num">11,1700</td>
                                                    <td class="num">-</td>
                  <td class="num">-</td>
                                                    <td class="num">-</td>
                  <td class="num">-</td>
                                                    <td class="num">-</td>
                  <td class="num">-</td>
                                                    <td class="num">-</td>
                  <td class="num">-</td>
                                                    <td class="num">-</td>
                  <td class="num">-</td>
                                                    <td class="num">-</td>
                  <td class="num">-</td>
                                                    <td class="num">1</td>
                  <td class="num">20</td>
                                                    <td class="num">-</td>
                  <td class="num">-</td>
                                                    <td class="num">2</td>
                  <td class="num">66</td>
                                                    <td class="num">-</td>
                  <td class="num">-</td>
                                                    <td class="num">-</td>
                  <td class="num">-</td>
                                                    <td class="num">-</td>
                  <td class="num">-</td>
                                                    <td class="num">-</td>
                  <td class="num">-</td>
                                                    <td class="num">-</td>
                  <td class="num">-</td>
                                                <td class="num col-total">3</td>
                <td class="num col-total">86</td>
              </tr>
                          <tr>
                <td class="tc-col num">11,2100</td>
                                                    <td class="num">-</td>
                  <td class="num">-</td>
                                                    <td class="num">-</td>
                  <td class="num">-</td>
                                                    <td class="num">-</td>
                  <td class="num">-</td>
                                                    <td class="num">-</td>
                  <td class="num">-</td>
                                                    <td class="num">-</td>
                  <td class="num">-</td>
                                                    <td class="num">-</td>
                  <td class="num">-</td>
                                                    <td class="num">1</td>
                  <td class="num">183</td>
                                                    <td class="num">-</td>
                  <td class="num">-</td>
                                                    <td class="num">-</td>
                  <td class="num">-</td>
                                                    <td class="num">-</td>
                  <td class="num">-</td>
                                                    <td class="num">-</td>
                  <td class="num">-</td>
                                                    <td class="num">1</td>
                  <td class="num">41.728</td>
                                                    <td class="num">-</td>
                  <td class="num">-</td>
                                                    <td class="num">-</td>
                  <td class="num">-</td>
                                                <td class="num col-total">2</td>
                <td class="num col-total">41.911</td>
              </tr>
                          <tr>
                <td class="tc-col num">11,2500</td>
                                                    <td class="num">-</td>
                  <td class="num">-</td>
                                                    <td class="num">-</td>
                  <td class="num">-</td>
                                                    <td class="num">-</td>
                  <td class="num">-</td>
                                                    <td class="num">-</td>
                  <td class="num">-</td>
                                                    <td class="num">-</td>
                  <td class="num">-</td>
                                                    <td class="num">-</td>
                  <td class="num">-</td>
                                                    <td class="num">-</td>
                  <td class="num">-</td>
                                                    <td class="num">-</td>
                  <td class="num">-</td>
                                                    <td class="num">1</td>
                  <td class="num">1.800</td>
                                                    <td class="num">-</td>
                  <td class="num">-</td>
                                                    <td class="num">-</td>
                  <td class="num">-</td>
                                                    <td class="num">-</td>
                  <td class="num">-</td>
                                                    <td class="num">-</td>
                  <td class="num">-</td>
                                                    <td class="num">-</td>
                  <td class="num">-</td>
                                                <td class="num col-total">1</td>
                <td class="num col-total">1.800</td>
              </tr>
                          <tr>
                <td class="tc-col num">11,3300</td>
                                                    <td class="num">-</td>
                  <td class="num">-</td>
                                                    <td class="num">-</td>
                  <td class="num">-</td>
                                                    <td class="num">-</td>
                  <td class="num">-</td>
                                                    <td class="num">-</td>
                  <td class="num">-</td>
                                                    <td class="num">-</td>
                  <td class="num">-</td>
                                                    <td class="num">-</td>
                  <td class="num">-</td>
                                                    <td class="num">-</td>
                  <td class="num">-</td>
                                                    <td class="num">2</td>
                  <td class="num">1</td>
                                                    <td class="num">-</td>
                  <td class="num">-</td>
                                                    <td class="num">-</td>
                  <td class="num">-</td>
                                                    <td class="num">-</td>
                  <td class="num">-</td>
                                                    <td class="num">-</td>
                  <td class="num">-</td>
                                                    <td class="num">-</td>
                  <td class="num">-</td>
                                                    <td class="num">-</td>
                  <td class="num">-</td>
                                                <td class="num col-total">2</td>
                <td class="num col-total">1</td>
              </tr>
                          <tr>
                <td class="tc-col num">11,3400</td>
                                                    <td class="num">-</td>
                  <td class="num">-</td>
                                                    <td class="num">-</td>
                  <td class="num">-</td>
                                                    <td class="num">-</td>
                  <td class="num">-</td>
                                                    <td class="num">-</td>
                  <td class="num">-</td>
                                                    <td class="num">-</td>
                  <td class="num">-</td>
                                                    <td class="num">-</td>
                  <td class="num">-</td>
                                                    <td class="num">151</td>
                  <td class="num">175.925</td>
                                                    <td class="num">184</td>
                  <td class="num">182.601</td>
                                                    <td class="num">118</td>
                  <td class="num">275.529</td>
                                                    <td class="num">-</td>
                  <td class="num">-</td>
                                                    <td class="num">-</td>
                  <td class="num">-</td>
                                                    <td class="num">-</td>
                  <td class="num">-</td>
                                                    <td class="num">-</td>
                  <td class="num">-</td>
                                                    <td class="num">-</td>
                  <td class="num">-</td>
                                                <td class="num col-total">453</td>
                <td class="num col-total">634.054</td>
              </tr>
                          <tr>
                <td class="tc-col num">11,3500</td>
                                                    <td class="num">9</td>
                  <td class="num">40.346</td>
                                                    <td class="num">-</td>
                  <td class="num">-</td>
                                                    <td class="num">-</td>
                  <td class="num">-</td>
                                                    <td class="num">-</td>
                  <td class="num">-</td>
                                                    <td class="num">-</td>
                  <td class="num">-</td>
                                                    <td class="num">-</td>
                  <td class="num">-</td>
                                                    <td class="num">-</td>
                  <td class="num">-</td>
                                                    <td class="num">1</td>
                  <td class="num">0</td>
                                                    <td class="num">-</td>
                  <td class="num">-</td>
                                                    <td class="num">-</td>
                  <td class="num">-</td>
                                                    <td class="num">-</td>
                  <td class="num">-</td>
                                                    <td class="num">-</td>
                  <td class="num">-</td>
                                                    <td class="num">-</td>
                  <td class="num">-</td>
                                                    <td class="num">-</td>
                  <td class="num">-</td>
                                                <td class="num col-total">10</td>
                <td class="num col-total">40.347</td>
              </tr>
                          <tr>
                <td class="tc-col num">11,3600</td>
                                                    <td class="num">-</td>
                  <td class="num">-</td>
                                                    <td class="num">-</td>
                  <td class="num">-</td>
                                                    <td class="num">-</td>
                  <td class="num">-</td>
                                                    <td class="num">-</td>
                  <td class="num">-</td>
                                                    <td class="num">-</td>
                  <td class="num">-</td>
                                                    <td class="num">-</td>
                  <td class="num">-</td>
                                                    <td class="num">-</td>
                  <td class="num">-</td>
                                                    <td class="num">1</td>
                  <td class="num">0</td>
                                                    <td class="num">-</td>
                  <td class="num">-</td>
                                                    <td class="num">-</td>
                  <td class="num">-</td>
                                                    <td class="num">-</td>
                  <td class="num">-</td>
                                                    <td class="num">-</td>
                  <td class="num">-</td>
                                                    <td class="num">-</td>
                  <td class="num">-</td>
                                                    <td class="num">-</td>
                  <td class="num">-</td>
                                                <td class="num col-total">1</td>
                <td class="num col-total">0</td>
              </tr>
                          <tr>
                <td class="tc-col num">11,3700</td>
                                                    <td class="num">-</td>
                  <td class="num">-</td>
                                                    <td class="num">-</td>
                  <td class="num">-</td>
                                                    <td class="num">-</td>
                  <td class="num">-</td>
                                                    <td class="num">-</td>
                  <td class="num">-</td>
                                                    <td class="num">-</td>
                  <td class="num">-</td>
                                                    <td class="num">-</td>
                  <td class="num">-</td>
                                                    <td class="num">29</td>
                  <td class="num">9.148</td>
                                                    <td class="num">-</td>
                  <td class="num">-</td>
                                                    <td class="num">-</td>
                  <td class="num">-</td>
                                                    <td class="num">-</td>
                  <td class="num">-</td>
                                                    <td class="num">-</td>
                  <td class="num">-</td>
                                                    <td class="num">-</td>
                  <td class="num">-</td>
                                                    <td class="num">-</td>
                  <td class="num">-</td>
                                                    <td class="num">1</td>
                  <td class="num">200</td>
                                                <td class="num col-total">30</td>
                <td class="num col-total">9.348</td>
              </tr>
                          <tr>
                <td class="tc-col num">11,3800</td>
                                                    <td class="num">-</td>
                  <td class="num">-</td>
                                                    <td class="num">-</td>
                  <td class="num">-</td>
                                                    <td class="num">-</td>
                  <td class="num">-</td>
                                                    <td class="num">-</td>
                  <td class="num">-</td>
                                                    <td class="num">-</td>
                  <td class="num">-</td>
                                                    <td class="num">-</td>
                  <td class="num">-</td>
                                                    <td class="num">-</td>
                  <td class="num">-</td>
                                                    <td class="num">1</td>
                  <td class="num">0</td>
                                                    <td class="num">-</td>
                  <td class="num">-</td>
                                                    <td class="num">-</td>
                  <td class="num">-</td>
                                                    <td class="num">-</td>
                  <td class="num">-</td>
                                                    <td class="num">-</td>
                  <td class="num">-</td>
                                                    <td class="num">-</td>
                  <td class="num">-</td>
                                                    <td class="num">-</td>
                  <td class="num">-</td>
                                                <td class="num col-total">1</td>
                <td class="num col-total">0</td>
              </tr>
                          <tr>
                <td class="tc-col num">11,4200</td>
                                                    <td class="num">-</td>
                  <td class="num">-</td>
                                                    <td class="num">-</td>
                  <td class="num">-</td>
                                                    <td class="num">-</td>
                  <td class="num">-</td>
                                                    <td class="num">-</td>
                  <td class="num">-</td>
                                                    <td class="num">-</td>
                  <td class="num">-</td>
                                                    <td class="num">-</td>
                  <td class="num">-</td>
                                                    <td class="num">-</td>
                  <td class="num">-</td>
                                                    <td class="num">-</td>
                  <td class="num">-</td>
                                                    <td class="num">1</td>
                  <td class="num">13.736</td>
                                                    <td class="num">-</td>
                  <td class="num">-</td>
                                                    <td class="num">-</td>
                  <td class="num">-</td>
                                                    <td class="num">-</td>
                  <td class="num">-</td>
                                                    <td class="num">-</td>
                  <td class="num">-</td>
                                                    <td class="num">-</td>
                  <td class="num">-</td>
                                                <td class="num col-total">1</td>
                <td class="num col-total">13.736</td>
              </tr>
                          <tr>
                <td class="tc-col num">11,4300</td>
                                                    <td class="num">-</td>
                  <td class="num">-</td>
                                                    <td class="num">-</td>
                  <td class="num">-</td>
                                                    <td class="num">-</td>
                  <td class="num">-</td>
                                                    <td class="num">-</td>
                  <td class="num">-</td>
                                                    <td class="num">-</td>
                  <td class="num">-</td>
                                                    <td class="num">-</td>
                  <td class="num">-</td>
                                                    <td class="num">-</td>
                  <td class="num">-</td>
                                                    <td class="num">-</td>
                  <td class="num">-</td>
                                                    <td class="num">-</td>
                  <td class="num">-</td>
                                                    <td class="num">-</td>
                  <td class="num">-</td>
                                                    <td class="num">-</td>
                  <td class="num">-</td>
                                                    <td class="num">1</td>
                  <td class="num">200.000</td>
                                                    <td class="num">-</td>
                  <td class="num">-</td>
                                                    <td class="num">-</td>
                  <td class="num">-</td>
                                                <td class="num col-total">1</td>
                <td class="num col-total">200.000</td>
              </tr>
                          <tr>
                <td class="tc-col num">11,4400</td>
                                                    <td class="num">42</td>
                  <td class="num">117.729</td>
                                                    <td class="num">22</td>
                  <td class="num">306.175</td>
                                                    <td class="num">25</td>
                  <td class="num">6.737</td>
                                                    <td class="num">33</td>
                  <td class="num">131.937</td>
                                                    <td class="num">21</td>
                  <td class="num">3.247</td>
                                                    <td class="num">2</td>
                  <td class="num">46</td>
                                                    <td class="num">-</td>
                  <td class="num">-</td>
                                                    <td class="num">-</td>
                  <td class="num">-</td>
                                                    <td class="num">1</td>
                  <td class="num">5.000</td>
                                                    <td class="num">16</td>
                  <td class="num">5.435</td>
                                                    <td class="num">-</td>
                  <td class="num">-</td>
                                                    <td class="num">-</td>
                  <td class="num">-</td>
                                                    <td class="num">-</td>
                  <td class="num">-</td>
                                                    <td class="num">-</td>
                  <td class="num">-</td>
                                                <td class="num col-total">162</td>
                <td class="num col-total">576.307</td>
              </tr>
                          <tr>
                <td class="tc-col num">11,4500</td>
                                                    <td class="num">-</td>
                  <td class="num">-</td>
                                                    <td class="num">-</td>
                  <td class="num">-</td>
                                                    <td class="num">-</td>
                  <td class="num">-</td>
                                                    <td class="num">-</td>
                  <td class="num">-</td>
                                                    <td class="num">-</td>
                  <td class="num">-</td>
                                                    <td class="num">-</td>
                  <td class="num">-</td>
                                                    <td class="num">-</td>
                  <td class="num">-</td>
                                                    <td class="num">-</td>
                  <td class="num">-</td>
                                                    <td class="num">-</td>
                  <td class="num">-</td>
                                                    <td class="num">-</td>
                  <td class="num">-</td>
                                                    <td class="num">-</td>
                  <td class="num">-</td>
                                                    <td class="num">-</td>
                  <td class="num">-</td>
                                                    <td class="num">1</td>
                  <td class="num">5.000</td>
                                                    <td class="num">-</td>
                  <td class="num">-</td>
                                                <td class="num col-total">1</td>
                <td class="num col-total">5.000</td>
              </tr>
                          <tr>
                <td class="tc-col num">11,4700</td>
                                                    <td class="num">-</td>
                  <td class="num">-</td>
                                                    <td class="num">-</td>
                  <td class="num">-</td>
                                                    <td class="num">-</td>
                  <td class="num">-</td>
                                                    <td class="num">-</td>
                  <td class="num">-</td>
                                                    <td class="num">-</td>
                  <td class="num">-</td>
                                                    <td class="num">-</td>
                  <td class="num">-</td>
                                                    <td class="num">4</td>
                  <td class="num">5</td>
                                                    <td class="num">-</td>
                  <td class="num">-</td>
                                                    <td class="num">-</td>
                  <td class="num">-</td>
                                                    <td class="num">-</td>
                  <td class="num">-</td>
                                                    <td class="num">-</td>
                  <td class="num">-</td>
                                                    <td class="num">-</td>
                  <td class="num">-</td>
                                                    <td class="num">-</td>
                  <td class="num">-</td>
                                                    <td class="num">-</td>
                  <td class="num">-</td>
                                                <td class="num col-total">4</td>
                <td class="num col-total">5</td>
              </tr>
                          <tr>
                <td class="tc-col num">11,4900</td>
                                                    <td class="num">1</td>
                  <td class="num">1.300</td>
                                                    <td class="num">-</td>
                  <td class="num">-</td>
                                                    <td class="num">-</td>
                  <td class="num">-</td>
                                                    <td class="num">-</td>
                  <td class="num">-</td>
                                                    <td class="num">-</td>
                  <td class="num">-</td>
                                                    <td class="num">-</td>
                  <td class="num">-</td>
                                                    <td class="num">-</td>
                  <td class="num">-</td>
                                                    <td class="num">-</td>
                  <td class="num">-</td>
                                                    <td class="num">-</td>
                  <td class="num">-</td>
                                                    <td class="num">-</td>
                  <td class="num">-</td>
                                                    <td class="num">-</td>
                  <td class="num">-</td>
                                                    <td class="num">-</td>
                  <td class="num">-</td>
                                                    <td class="num">-</td>
                  <td class="num">-</td>
                                                    <td class="num">-</td>
                  <td class="num">-</td>
                                                <td class="num col-total">1</td>
                <td class="num col-total">1.300</td>
              </tr>
                          <tr>
                <td class="tc-col num">11,5000</td>
                                                    <td class="num">-</td>
                  <td class="num">-</td>
                                                    <td class="num">1</td>
                  <td class="num">14.867</td>
                                                    <td class="num">-</td>
                  <td class="num">-</td>
                                                    <td class="num">1</td>
                  <td class="num">32.000</td>
                                                    <td class="num">-</td>
                  <td class="num">-</td>
                                                    <td class="num">-</td>
                  <td class="num">-</td>
                                                    <td class="num">-</td>
                  <td class="num">-</td>
                                                    <td class="num">-</td>
                  <td class="num">-</td>
                                                    <td class="num">-</td>
                  <td class="num">-</td>
                                                    <td class="num">-</td>
                  <td class="num">-</td>
                                                    <td class="num">-</td>
                  <td class="num">-</td>
                                                    <td class="num">-</td>
                  <td class="num">-</td>
                                                    <td class="num">1</td>
                  <td class="num">27.960</td>
                                                    <td class="num">-</td>
                  <td class="num">-</td>
                                                <td class="num col-total">3</td>
                <td class="num col-total">74.827</td>
              </tr>
                          <tr>
                <td class="tc-col num">11,5300</td>
                                                    <td class="num">-</td>
                  <td class="num">-</td>
                                                    <td class="num">-</td>
                  <td class="num">-</td>
                                                    <td class="num">-</td>
                  <td class="num">-</td>
                                                    <td class="num">-</td>
                  <td class="num">-</td>
                                                    <td class="num">-</td>
                  <td class="num">-</td>
                                                    <td class="num">-</td>
                  <td class="num">-</td>
                                                    <td class="num">-</td>
                  <td class="num">-</td>
                                                    <td class="num">-</td>
                  <td class="num">-</td>
                                                    <td class="num">131</td>
                  <td class="num">57.600</td>
                                                    <td class="num">-</td>
                  <td class="num">-</td>
                                                    <td class="num">-</td>
                  <td class="num">-</td>
                                                    <td class="num">-</td>
                  <td class="num">-</td>
                                                    <td class="num">-</td>
                  <td class="num">-</td>
                                                    <td class="num">-</td>
                  <td class="num">-</td>
                                                <td class="num col-total">131</td>
                <td class="num col-total">57.600</td>
              </tr>
                          <tr>
                <td class="tc-col num">11,5400</td>
                                                    <td class="num">7</td>
                  <td class="num">40.407</td>
                                                    <td class="num">-</td>
                  <td class="num">-</td>
                                                    <td class="num">1</td>
                  <td class="num">18.070</td>
                                                    <td class="num">-</td>
                  <td class="num">-</td>
                                                    <td class="num">-</td>
                  <td class="num">-</td>
                                                    <td class="num">4</td>
                  <td class="num">178</td>
                                                    <td class="num">75</td>
                  <td class="num">977.144</td>
                                                    <td class="num">3</td>
                  <td class="num">5.213</td>
                                                    <td class="num">5</td>
                  <td class="num">530.835</td>
                                                    <td class="num">-</td>
                  <td class="num">-</td>
                                                    <td class="num">3</td>
                  <td class="num">426</td>
                                                    <td class="num">-</td>
                  <td class="num">-</td>
                                                    <td class="num">-</td>
                  <td class="num">-</td>
                                                    <td class="num">47</td>
                  <td class="num">41.814</td>
                                                <td class="num col-total">145</td>
                <td class="num col-total">1.614.086</td>
              </tr>
                          <tr>
                <td class="tc-col num">11,5500</td>
                                                    <td class="num">1</td>
                  <td class="num">22.040</td>
                                                    <td class="num">-</td>
                  <td class="num">-</td>
                                                    <td class="num">-</td>
                  <td class="num">-</td>
                                                    <td class="num">-</td>
                  <td class="num">-</td>
                                                    <td class="num">-</td>
                  <td class="num">-</td>
                                                    <td class="num">-</td>
                  <td class="num">-</td>
                                                    <td class="num">-</td>
                  <td class="num">-</td>
                                                    <td class="num">-</td>
                  <td class="num">-</td>
                                                    <td class="num">1</td>
                  <td class="num">100.000</td>
                                                    <td class="num">-</td>
                  <td class="num">-</td>
                                                    <td class="num">-</td>
                  <td class="num">-</td>
                                                    <td class="num">-</td>
                  <td class="num">-</td>
                                                    <td class="num">-</td>
                  <td class="num">-</td>
                                                    <td class="num">-</td>
                  <td class="num">-</td>
                                                <td class="num col-total">2</td>
                <td class="num col-total">122.040</td>
              </tr>
                          <tr>
                <td class="tc-col num">11,5760</td>
                                                    <td class="num">-</td>
                  <td class="num">-</td>
                                                    <td class="num">-</td>
                  <td class="num">-</td>
                                                    <td class="num">-</td>
                  <td class="num">-</td>
                                                    <td class="num">-</td>
                  <td class="num">-</td>
                                                    <td class="num">-</td>
                  <td class="num">-</td>
                                                    <td class="num">-</td>
                  <td class="num">-</td>
                                                    <td class="num">-</td>
                  <td class="num">-</td>
                                                    <td class="num">-</td>
                  <td class="num">-</td>
                                                    <td class="num">1</td>
                  <td class="num">18.982</td>
                                                    <td class="num">-</td>
                  <td class="num">-</td>
                                                    <td class="num">-</td>
                  <td class="num">-</td>
                                                    <td class="num">-</td>
                  <td class="num">-</td>
                                                    <td class="num">-</td>
                  <td class="num">-</td>
                                                    <td class="num">-</td>
                  <td class="num">-</td>
                                                <td class="num col-total">1</td>
                <td class="num col-total">18.982</td>
              </tr>
                          <tr>
                <td class="tc-col num">11,5900</td>
                                                    <td class="num">-</td>
                  <td class="num">-</td>
                                                    <td class="num">-</td>
                  <td class="num">-</td>
                                                    <td class="num">-</td>
                  <td class="num">-</td>
                                                    <td class="num">-</td>
                  <td class="num">-</td>
                                                    <td class="num">-</td>
                  <td class="num">-</td>
                                                    <td class="num">-</td>
                  <td class="num">-</td>
                                                    <td class="num">-</td>
                  <td class="num">-</td>
                                                    <td class="num">1</td>
                  <td class="num">150.000</td>
                                                    <td class="num">-</td>
                  <td class="num">-</td>
                                                    <td class="num">-</td>
                  <td class="num">-</td>
                                                    <td class="num">-</td>
                  <td class="num">-</td>
                                                    <td class="num">-</td>
                  <td class="num">-</td>
                                                    <td class="num">-</td>
                  <td class="num">-</td>
                                                    <td class="num">-</td>
                  <td class="num">-</td>
                                                <td class="num col-total">1</td>
                <td class="num col-total">150.000</td>
              </tr>
                          <tr>
                <td class="tc-col num">11,6000</td>
                                                    <td class="num">2</td>
                  <td class="num">103.275</td>
                                                    <td class="num">6</td>
                  <td class="num">238.321</td>
                                                    <td class="num">-</td>
                  <td class="num">-</td>
                                                    <td class="num">1</td>
                  <td class="num">500.000</td>
                                                    <td class="num">-</td>
                  <td class="num">-</td>
                                                    <td class="num">-</td>
                  <td class="num">-</td>
                                                    <td class="num">-</td>
                  <td class="num">-</td>
                                                    <td class="num">-</td>
                  <td class="num">-</td>
                                                    <td class="num">2</td>
                  <td class="num">1.500.000</td>
                                                    <td class="num">-</td>
                  <td class="num">-</td>
                                                    <td class="num">-</td>
                  <td class="num">-</td>
                                                    <td class="num">-</td>
                  <td class="num">-</td>
                                                    <td class="num">3</td>
                  <td class="num">563.448</td>
                                                    <td class="num">-</td>
                  <td class="num">-</td>
                                                <td class="num col-total">14</td>
                <td class="num col-total">2.905.044</td>
              </tr>
                          <tr>
                <td class="tc-col num">11,6200</td>
                                                    <td class="num">-</td>
                  <td class="num">-</td>
                                                    <td class="num">-</td>
                  <td class="num">-</td>
                                                    <td class="num">-</td>
                  <td class="num">-</td>
                                                    <td class="num">-</td>
                  <td class="num">-</td>
                                                    <td class="num">-</td>
                  <td class="num">-</td>
                                                    <td class="num">-</td>
                  <td class="num">-</td>
                                                    <td class="num">-</td>
                  <td class="num">-</td>
                                                    <td class="num">1</td>
                  <td class="num">35.835</td>
                                                    <td class="num">-</td>
                  <td class="num">-</td>
                                                    <td class="num">-</td>
                  <td class="num">-</td>
                                                    <td class="num">-</td>
                  <td class="num">-</td>
                                                    <td class="num">-</td>
                  <td class="num">-</td>
                                                    <td class="num">-</td>
                  <td class="num">-</td>
                                                    <td class="num">-</td>
                  <td class="num">-</td>
                                                <td class="num col-total">1</td>
                <td class="num col-total">35.835</td>
              </tr>
                          <tr>
                <td class="tc-col num">11,6400</td>
                                                    <td class="num">1</td>
                  <td class="num">81.621</td>
                                                    <td class="num">36</td>
                  <td class="num">13.949</td>
                                                    <td class="num">-</td>
                  <td class="num">-</td>
                                                    <td class="num">-</td>
                  <td class="num">-</td>
                                                    <td class="num">-</td>
                  <td class="num">-</td>
                                                    <td class="num">-</td>
                  <td class="num">-</td>
                                                    <td class="num">-</td>
                  <td class="num">-</td>
                                                    <td class="num">3</td>
                  <td class="num">50.000</td>
                                                    <td class="num">1</td>
                  <td class="num">11.280</td>
                                                    <td class="num">-</td>
                  <td class="num">-</td>
                                                    <td class="num">-</td>
                  <td class="num">-</td>
                                                    <td class="num">-</td>
                  <td class="num">-</td>
                                                    <td class="num">-</td>
                  <td class="num">-</td>
                                                    <td class="num">-</td>
                  <td class="num">-</td>
                                                <td class="num col-total">41</td>
                <td class="num col-total">156.851</td>
              </tr>
                          <tr>
                <td class="tc-col num">11,6500</td>
                                                    <td class="num">3</td>
                  <td class="num">301.444</td>
                                                    <td class="num">-</td>
                  <td class="num">-</td>
                                                    <td class="num">-</td>
                  <td class="num">-</td>
                                                    <td class="num">-</td>
                  <td class="num">-</td>
                                                    <td class="num">-</td>
                  <td class="num">-</td>
                                                    <td class="num">-</td>
                  <td class="num">-</td>
                                                    <td class="num">-</td>
                  <td class="num">-</td>
                                                    <td class="num">-</td>
                  <td class="num">-</td>
                                                    <td class="num">-</td>
                  <td class="num">-</td>
                                                    <td class="num">-</td>
                  <td class="num">-</td>
                                                    <td class="num">-</td>
                  <td class="num">-</td>
                                                    <td class="num">-</td>
                  <td class="num">-</td>
                                                    <td class="num">1</td>
                  <td class="num">60.901</td>
                                                    <td class="num">-</td>
                  <td class="num">-</td>
                                                <td class="num col-total">4</td>
                <td class="num col-total">362.345</td>
              </tr>
                          <tr>
                <td class="tc-col num">11,6600</td>
                                                    <td class="num">-</td>
                  <td class="num">-</td>
                                                    <td class="num">-</td>
                  <td class="num">-</td>
                                                    <td class="num">-</td>
                  <td class="num">-</td>
                                                    <td class="num">-</td>
                  <td class="num">-</td>
                                                    <td class="num">-</td>
                  <td class="num">-</td>
                                                    <td class="num">-</td>
                  <td class="num">-</td>
                                                    <td class="num">1</td>
                  <td class="num">112.942</td>
                                                    <td class="num">2</td>
                  <td class="num">16.575</td>
                                                    <td class="num">-</td>
                  <td class="num">-</td>
                                                    <td class="num">-</td>
                  <td class="num">-</td>
                                                    <td class="num">-</td>
                  <td class="num">-</td>
                                                    <td class="num">-</td>
                  <td class="num">-</td>
                                                    <td class="num">-</td>
                  <td class="num">-</td>
                                                    <td class="num">-</td>
                  <td class="num">-</td>
                                                <td class="num col-total">3</td>
                <td class="num col-total">129.517</td>
              </tr>
                          <tr>
                <td class="tc-col num">11,6700</td>
                                                    <td class="num">1</td>
                  <td class="num">915.200</td>
                                                    <td class="num">-</td>
                  <td class="num">-</td>
                                                    <td class="num">-</td>
                  <td class="num">-</td>
                                                    <td class="num">-</td>
                  <td class="num">-</td>
                                                    <td class="num">-</td>
                  <td class="num">-</td>
                                                    <td class="num">-</td>
                  <td class="num">-</td>
                                                    <td class="num">-</td>
                  <td class="num">-</td>
                                                    <td class="num">-</td>
                  <td class="num">-</td>
                                                    <td class="num">-</td>
                  <td class="num">-</td>
                                                    <td class="num">-</td>
                  <td class="num">-</td>
                                                    <td class="num">-</td>
                  <td class="num">-</td>
                                                    <td class="num">-</td>
                  <td class="num">-</td>
                                                    <td class="num">-</td>
                  <td class="num">-</td>
                                                    <td class="num">-</td>
                  <td class="num">-</td>
                                                <td class="num col-total">1</td>
                <td class="num col-total">915.200</td>
              </tr>
                          <tr>
                <td class="tc-col num">11,6900</td>
                                                    <td class="num">1</td>
                  <td class="num">169.975</td>
                                                    <td class="num">-</td>
                  <td class="num">-</td>
                                                    <td class="num">-</td>
                  <td class="num">-</td>
                                                    <td class="num">-</td>
                  <td class="num">-</td>
                                                    <td class="num">-</td>
                  <td class="num">-</td>
                                                    <td class="num">-</td>
                  <td class="num">-</td>
                                                    <td class="num">-</td>
                  <td class="num">-</td>
                                                    <td class="num">-</td>
                  <td class="num">-</td>
                                                    <td class="num">-</td>
                  <td class="num">-</td>
                                                    <td class="num">-</td>
                  <td class="num">-</td>
                                                    <td class="num">-</td>
                  <td class="num">-</td>
                                                    <td class="num">-</td>
                  <td class="num">-</td>
                                                    <td class="num">-</td>
                  <td class="num">-</td>
                                                    <td class="num">-</td>
                  <td class="num">-</td>
                                                <td class="num col-total">1</td>
                <td class="num col-total">169.975</td>
              </tr>
                          <tr>
                <td class="tc-col num">11,7000</td>
                                                    <td class="num">2</td>
                  <td class="num">342.550</td>
                                                    <td class="num">1</td>
                  <td class="num">15.000</td>
                                                    <td class="num">-</td>
                  <td class="num">-</td>
                                                    <td class="num">-</td>
                  <td class="num">-</td>
                                                    <td class="num">-</td>
                  <td class="num">-</td>
                                                    <td class="num">-</td>
                  <td class="num">-</td>
                                                    <td class="num">2</td>
                  <td class="num">4.000.000</td>
                                                    <td class="num">1</td>
                  <td class="num">724.564</td>
                                                    <td class="num">-</td>
                  <td class="num">-</td>
                                                    <td class="num">-</td>
                  <td class="num">-</td>
                                                    <td class="num">-</td>
                  <td class="num">-</td>
                                                    <td class="num">-</td>
                  <td class="num">-</td>
                                                    <td class="num">-</td>
                  <td class="num">-</td>
                                                    <td class="num">-</td>
                  <td class="num">-</td>
                                                <td class="num col-total">6</td>
                <td class="num col-total">5.082.114</td>
              </tr>
                          <tr>
                <td class="tc-col num">11,7400</td>
                                                    <td class="num">-</td>
                  <td class="num">-</td>
                                                    <td class="num">-</td>
                  <td class="num">-</td>
                                                    <td class="num">-</td>
                  <td class="num">-</td>
                                                    <td class="num">-</td>
                  <td class="num">-</td>
                                                    <td class="num">1</td>
                  <td class="num">21.840</td>
                                                    <td class="num">-</td>
                  <td class="num">-</td>
                                                    <td class="num">-</td>
                  <td class="num">-</td>
                                                    <td class="num">-</td>
                  <td class="num">-</td>
                                                    <td class="num">-</td>
                  <td class="num">-</td>
                                                    <td class="num">-</td>
                  <td class="num">-</td>
                                                    <td class="num">-</td>
                  <td class="num">-</td>
                                                    <td class="num">-</td>
                  <td class="num">-</td>
                                                    <td class="num">-</td>
                  <td class="num">-</td>
                                                    <td class="num">-</td>
                  <td class="num">-</td>
                                                <td class="num col-total">1</td>
                <td class="num col-total">21.840</td>
              </tr>
                          <tr>
                <td class="tc-col num">11,7500</td>
                                                    <td class="num">7</td>
                  <td class="num">1.238.602</td>
                                                    <td class="num">-</td>
                  <td class="num">-</td>
                                                    <td class="num">-</td>
                  <td class="num">-</td>
                                                    <td class="num">-</td>
                  <td class="num">-</td>
                                                    <td class="num">-</td>
                  <td class="num">-</td>
                                                    <td class="num">-</td>
                  <td class="num">-</td>
                                                    <td class="num">-</td>
                  <td class="num">-</td>
                                                    <td class="num">-</td>
                  <td class="num">-</td>
                                                    <td class="num">-</td>
                  <td class="num">-</td>
                                                    <td class="num">-</td>
                  <td class="num">-</td>
                                                    <td class="num">-</td>
                  <td class="num">-</td>
                                                    <td class="num">-</td>
                  <td class="num">-</td>
                                                    <td class="num">-</td>
                  <td class="num">-</td>
                                                    <td class="num">-</td>
                  <td class="num">-</td>
                                                <td class="num col-total">7</td>
                <td class="num col-total">1.238.602</td>
              </tr>
                          <tr>
                <td class="tc-col num">11,7600</td>
                                                    <td class="num">-</td>
                  <td class="num">-</td>
                                                    <td class="num">-</td>
                  <td class="num">-</td>
                                                    <td class="num">-</td>
                  <td class="num">-</td>
                                                    <td class="num">-</td>
                  <td class="num">-</td>
                                                    <td class="num">-</td>
                  <td class="num">-</td>
                                                    <td class="num">-</td>
                  <td class="num">-</td>
                                                    <td class="num">-</td>
                  <td class="num">-</td>
                                                    <td class="num">-</td>
                  <td class="num">-</td>
                                                    <td class="num">-</td>
                  <td class="num">-</td>
                                                    <td class="num">-</td>
                  <td class="num">-</td>
                                                    <td class="num">-</td>
                  <td class="num">-</td>
                                                    <td class="num">-</td>
                  <td class="num">-</td>
                                                    <td class="num">1</td>
                  <td class="num">150.000</td>
                                                    <td class="num">-</td>
                  <td class="num">-</td>
                                                <td class="num col-total">1</td>
                <td class="num col-total">150.000</td>
              </tr>
                          <tr>
                <td class="tc-col num">11,7800</td>
                                                    <td class="num">1</td>
                  <td class="num">70.000</td>
                                                    <td class="num">-</td>
                  <td class="num">-</td>
                                                    <td class="num">-</td>
                  <td class="num">-</td>
                                                    <td class="num">-</td>
                  <td class="num">-</td>
                                                    <td class="num">-</td>
                  <td class="num">-</td>
                                                    <td class="num">-</td>
                  <td class="num">-</td>
                                                    <td class="num">1</td>
                  <td class="num">900.000</td>
                                                    <td class="num">-</td>
                  <td class="num">-</td>
                                                    <td class="num">-</td>
                  <td class="num">-</td>
                                                    <td class="num">-</td>
                  <td class="num">-</td>
                                                    <td class="num">-</td>
                  <td class="num">-</td>
                                                    <td class="num">-</td>
                  <td class="num">-</td>
                                                    <td class="num">-</td>
                  <td class="num">-</td>
                                                    <td class="num">-</td>
                  <td class="num">-</td>
                                                <td class="num col-total">2</td>
                <td class="num col-total">970.000</td>
              </tr>
                          <tr>
                <td class="tc-col num">11,8000</td>
                                                    <td class="num">1</td>
                  <td class="num">4.000.000</td>
                                                    <td class="num">-</td>
                  <td class="num">-</td>
                                                    <td class="num">-</td>
                  <td class="num">-</td>
                                                    <td class="num">-</td>
                  <td class="num">-</td>
                                                    <td class="num">-</td>
                  <td class="num">-</td>
                                                    <td class="num">-</td>
                  <td class="num">-</td>
                                                    <td class="num">2</td>
                  <td class="num">3.325.236</td>
                                                    <td class="num">1</td>
                  <td class="num">0</td>
                                                    <td class="num">-</td>
                  <td class="num">-</td>
                                                    <td class="num">-</td>
                  <td class="num">-</td>
                                                    <td class="num">-</td>
                  <td class="num">-</td>
                                                    <td class="num">-</td>
                  <td class="num">-</td>
                                                    <td class="num">-</td>
                  <td class="num">-</td>
                                                    <td class="num">-</td>
                  <td class="num">-</td>
                                                <td class="num col-total">4</td>
                <td class="num col-total">7.325.236</td>
              </tr>
                          <tr>
                <td class="tc-col num">11,8100</td>
                                                    <td class="num">1</td>
                  <td class="num">300.000</td>
                                                    <td class="num">-</td>
                  <td class="num">-</td>
                                                    <td class="num">-</td>
                  <td class="num">-</td>
                                                    <td class="num">-</td>
                  <td class="num">-</td>
                                                    <td class="num">-</td>
                  <td class="num">-</td>
                                                    <td class="num">-</td>
                  <td class="num">-</td>
                                                    <td class="num">-</td>
                  <td class="num">-</td>
                                                    <td class="num">-</td>
                  <td class="num">-</td>
                                                    <td class="num">-</td>
                  <td class="num">-</td>
                                                    <td class="num">-</td>
                  <td class="num">-</td>
                                                    <td class="num">-</td>
                  <td class="num">-</td>
                                                    <td class="num">-</td>
                  <td class="num">-</td>
                                                    <td class="num">-</td>
                  <td class="num">-</td>
                                                    <td class="num">-</td>
                  <td class="num">-</td>
                                                <td class="num col-total">1</td>
                <td class="num col-total">300.000</td>
              </tr>
                          <tr>
                <td class="tc-col num">11,8500</td>
                                                    <td class="num">-</td>
                  <td class="num">-</td>
                                                    <td class="num">-</td>
                  <td class="num">-</td>
                                                    <td class="num">-</td>
                  <td class="num">-</td>
                                                    <td class="num">-</td>
                  <td class="num">-</td>
                                                    <td class="num">-</td>
                  <td class="num">-</td>
                                                    <td class="num">-</td>
                  <td class="num">-</td>
                                                    <td class="num">-</td>
                  <td class="num">-</td>
                                                    <td class="num">1</td>
                  <td class="num">199.895</td>
                                                    <td class="num">-</td>
                  <td class="num">-</td>
                                                    <td class="num">-</td>
                  <td class="num">-</td>
                                                    <td class="num">-</td>
                  <td class="num">-</td>
                                                    <td class="num">-</td>
                  <td class="num">-</td>
                                                    <td class="num">-</td>
                  <td class="num">-</td>
                                                    <td class="num">-</td>
                  <td class="num">-</td>
                                                <td class="num col-total">1</td>
                <td class="num col-total">199.895</td>
              </tr>
                          <tr>
                <td class="tc-col num">11,8700</td>
                                                    <td class="num">1</td>
                  <td class="num">999.975</td>
                                                    <td class="num">-</td>
                  <td class="num">-</td>
                                                    <td class="num">-</td>
                  <td class="num">-</td>
                                                    <td class="num">-</td>
                  <td class="num">-</td>
                                                    <td class="num">-</td>
                  <td class="num">-</td>
                                                    <td class="num">-</td>
                  <td class="num">-</td>
                                                    <td class="num">-</td>
                  <td class="num">-</td>
                                                    <td class="num">-</td>
                  <td class="num">-</td>
                                                    <td class="num">-</td>
                  <td class="num">-</td>
                                                    <td class="num">-</td>
                  <td class="num">-</td>
                                                    <td class="num">-</td>
                  <td class="num">-</td>
                                                    <td class="num">-</td>
                  <td class="num">-</td>
                                                    <td class="num">3</td>
                  <td class="num">799.880</td>
                                                    <td class="num">-</td>
                  <td class="num">-</td>
                                                <td class="num col-total">4</td>
                <td class="num col-total">1.799.855</td>
              </tr>
                          <tr>
                <td class="tc-col num">11,9000</td>
                                                    <td class="num">1</td>
                  <td class="num">200.000</td>
                                                    <td class="num">-</td>
                  <td class="num">-</td>
                                                    <td class="num">-</td>
                  <td class="num">-</td>
                                                    <td class="num">-</td>
                  <td class="num">-</td>
                                                    <td class="num">-</td>
                  <td class="num">-</td>
                                                    <td class="num">-</td>
                  <td class="num">-</td>
                                                    <td class="num">-</td>
                  <td class="num">-</td>
                                                    <td class="num">-</td>
                  <td class="num">-</td>
                                                    <td class="num">-</td>
                  <td class="num">-</td>
                                                    <td class="num">-</td>
                  <td class="num">-</td>
                                                    <td class="num">-</td>
                  <td class="num">-</td>
                                                    <td class="num">-</td>
                  <td class="num">-</td>
                                                    <td class="num">3</td>
                  <td class="num">699.905</td>
                                                    <td class="num">-</td>
                  <td class="num">-</td>
                                                <td class="num col-total">4</td>
                <td class="num col-total">899.905</td>
              </tr>
                          <tr>
                <td class="tc-col num">11,9300</td>
                                                    <td class="num">-</td>
                  <td class="num">-</td>
                                                    <td class="num">-</td>
                  <td class="num">-</td>
                                                    <td class="num">-</td>
                  <td class="num">-</td>
                                                    <td class="num">-</td>
                  <td class="num">-</td>
                                                    <td class="num">-</td>
                  <td class="num">-</td>
                                                    <td class="num">-</td>
                  <td class="num">-</td>
                                                    <td class="num">2</td>
                  <td class="num">669.982</td>
                                                    <td class="num">-</td>
                  <td class="num">-</td>
                                                    <td class="num">-</td>
                  <td class="num">-</td>
                                                    <td class="num">-</td>
                  <td class="num">-</td>
                                                    <td class="num">-</td>
                  <td class="num">-</td>
                                                    <td class="num">-</td>
                  <td class="num">-</td>
                                                    <td class="num">-</td>
                  <td class="num">-</td>
                                                    <td class="num">-</td>
                  <td class="num">-</td>
                                                <td class="num col-total">2</td>
                <td class="num col-total">669.982</td>
              </tr>
                          <tr>
                <td class="tc-col num">11,9500</td>
                                                    <td class="num">-</td>
                  <td class="num">-</td>
                                                    <td class="num">-</td>
                  <td class="num">-</td>
                                                    <td class="num">-</td>
                  <td class="num">-</td>
                                                    <td class="num">1</td>
                  <td class="num">199.990</td>
                                                    <td class="num">-</td>
                  <td class="num">-</td>
                                                    <td class="num">-</td>
                  <td class="num">-</td>
                                                    <td class="num">1</td>
                  <td class="num">22.528</td>
                                                    <td class="num">-</td>
                  <td class="num">-</td>
                                                    <td class="num">-</td>
                  <td class="num">-</td>
                                                    <td class="num">-</td>
                  <td class="num">-</td>
                                                    <td class="num">-</td>
                  <td class="num">-</td>
                                                    <td class="num">-</td>
                  <td class="num">-</td>
                                                    <td class="num">-</td>
                  <td class="num">-</td>
                                                    <td class="num">-</td>
                  <td class="num">-</td>
                                                <td class="num col-total">2</td>
                <td class="num col-total">222.518</td>
              </tr>
                          <tr>
                <td class="tc-col num">11,9800</td>
                                                    <td class="num">-</td>
                  <td class="num">-</td>
                                                    <td class="num">-</td>
                  <td class="num">-</td>
                                                    <td class="num">-</td>
                  <td class="num">-</td>
                                                    <td class="num">1</td>
                  <td class="num">1.000.000</td>
                                                    <td class="num">-</td>
                  <td class="num">-</td>
                                                    <td class="num">-</td>
                  <td class="num">-</td>
                                                    <td class="num">1</td>
                  <td class="num">1.000.000</td>
                                                    <td class="num">-</td>
                  <td class="num">-</td>
                                                    <td class="num">-</td>
                  <td class="num">-</td>
                                                    <td class="num">-</td>
                  <td class="num">-</td>
                                                    <td class="num">-</td>
                  <td class="num">-</td>
                                                    <td class="num">-</td>
                  <td class="num">-</td>
                                                    <td class="num">-</td>
                  <td class="num">-</td>
                                                    <td class="num">-</td>
                  <td class="num">-</td>
                                                <td class="num col-total">2</td>
                <td class="num col-total">2.000.000</td>
              </tr>
                          <tr>
                <td class="tc-col num">11,9900</td>
                                                    <td class="num">-</td>
                  <td class="num">-</td>
                                                    <td class="num">2</td>
                  <td class="num">730.000</td>
                                                    <td class="num">-</td>
                  <td class="num">-</td>
                                                    <td class="num">-</td>
                  <td class="num">-</td>
                                                    <td class="num">-</td>
                  <td class="num">-</td>
                                                    <td class="num">-</td>
                  <td class="num">-</td>
                                                    <td class="num">-</td>
                  <td class="num">-</td>
                                                    <td class="num">-</td>
                  <td class="num">-</td>
                                                    <td class="num">-</td>
                  <td class="num">-</td>
                                                    <td class="num">-</td>
                  <td class="num">-</td>
                                                    <td class="num">-</td>
                  <td class="num">-</td>
                                                    <td class="num">-</td>
                  <td class="num">-</td>
                                                    <td class="num">-</td>
                  <td class="num">-</td>
                                                    <td class="num">-</td>
                  <td class="num">-</td>
                                                <td class="num col-total">2</td>
                <td class="num col-total">730.000</td>
              </tr>
                          <tr>
                <td class="tc-col num">12,0000</td>
                                                    <td class="num">-</td>
                  <td class="num">-</td>
                                                    <td class="num">-</td>
                  <td class="num">-</td>
                                                    <td class="num">-</td>
                  <td class="num">-</td>
                                                    <td class="num">-</td>
                  <td class="num">-</td>
                                                    <td class="num">-</td>
                  <td class="num">-</td>
                                                    <td class="num">-</td>
                  <td class="num">-</td>
                                                    <td class="num">-</td>
                  <td class="num">-</td>
                                                    <td class="num">3</td>
                  <td class="num">1.299.812</td>
                                                    <td class="num">-</td>
                  <td class="num">-</td>
                                                    <td class="num">-</td>
                  <td class="num">-</td>
                                                    <td class="num">-</td>
                  <td class="num">-</td>
                                                    <td class="num">-</td>
                  <td class="num">-</td>
                                                    <td class="num">1</td>
                  <td class="num">99.820</td>
                                                    <td class="num">-</td>
                  <td class="num">-</td>
                                                <td class="num col-total">4</td>
                <td class="num col-total">1.399.632</td>
              </tr>
                          <tr>
                <td class="tc-col num">12,0100</td>
                                                    <td class="num">-</td>
                  <td class="num">-</td>
                                                    <td class="num">-</td>
                  <td class="num">-</td>
                                                    <td class="num">-</td>
                  <td class="num">-</td>
                                                    <td class="num">-</td>
                  <td class="num">-</td>
                                                    <td class="num">-</td>
                  <td class="num">-</td>
                                                    <td class="num">-</td>
                  <td class="num">-</td>
                                                    <td class="num">-</td>
                  <td class="num">-</td>
                                                    <td class="num">1</td>
                  <td class="num">999.925</td>
                                                    <td class="num">-</td>
                  <td class="num">-</td>
                                                    <td class="num">-</td>
                  <td class="num">-</td>
                                                    <td class="num">-</td>
                  <td class="num">-</td>
                                                    <td class="num">-</td>
                  <td class="num">-</td>
                                                    <td class="num">-</td>
                  <td class="num">-</td>
                                                    <td class="num">-</td>
                  <td class="num">-</td>
                                                <td class="num col-total">1</td>
                <td class="num col-total">999.925</td>
              </tr>
                          <tr>
                <td class="tc-col num">12,0331</td>
                                                    <td class="num">-</td>
                  <td class="num">-</td>
                                                    <td class="num">-</td>
                  <td class="num">-</td>
                                                    <td class="num">-</td>
                  <td class="num">-</td>
                                                    <td class="num">-</td>
                  <td class="num">-</td>
                                                    <td class="num">-</td>
                  <td class="num">-</td>
                                                    <td class="num">-</td>
                  <td class="num">-</td>
                                                    <td class="num">-</td>
                  <td class="num">-</td>
                                                    <td class="num">1</td>
                  <td class="num">1.200.000</td>
                                                    <td class="num">-</td>
                  <td class="num">-</td>
                                                    <td class="num">-</td>
                  <td class="num">-</td>
                                                    <td class="num">-</td>
                  <td class="num">-</td>
                                                    <td class="num">-</td>
                  <td class="num">-</td>
                                                    <td class="num">-</td>
                  <td class="num">-</td>
                                                    <td class="num">-</td>
                  <td class="num">-</td>
                                                <td class="num col-total">1</td>
                <td class="num col-total">1.200.000</td>
              </tr>
                          <tr>
                <td class="tc-col num">12,0635</td>
                                                    <td class="num">-</td>
                  <td class="num">-</td>
                                                    <td class="num">-</td>
                  <td class="num">-</td>
                                                    <td class="num">-</td>
                  <td class="num">-</td>
                                                    <td class="num">-</td>
                  <td class="num">-</td>
                                                    <td class="num">2</td>
                  <td class="num">3.000.000</td>
                                                    <td class="num">-</td>
                  <td class="num">-</td>
                                                    <td class="num">-</td>
                  <td class="num">-</td>
                                                    <td class="num">-</td>
                  <td class="num">-</td>
                                                    <td class="num">-</td>
                  <td class="num">-</td>
                                                    <td class="num">-</td>
                  <td class="num">-</td>
                                                    <td class="num">-</td>
                  <td class="num">-</td>
                                                    <td class="num">-</td>
                  <td class="num">-</td>
                                                    <td class="num">-</td>
                  <td class="num">-</td>
                                                    <td class="num">-</td>
                  <td class="num">-</td>
                                                <td class="num col-total">2</td>
                <td class="num col-total">3.000.000</td>
              </tr>
                          <tr>
                <td class="tc-col num">12,0700</td>
                                                    <td class="num">-</td>
                  <td class="num">-</td>
                                                    <td class="num">-</td>
                  <td class="num">-</td>
                                                    <td class="num">-</td>
                  <td class="num">-</td>
                                                    <td class="num">-</td>
                  <td class="num">-</td>
                                                    <td class="num">-</td>
                  <td class="num">-</td>
                                                    <td class="num">1</td>
                  <td class="num">2.000.000</td>
                                                    <td class="num">-</td>
                  <td class="num">-</td>
                                                    <td class="num">-</td>
                  <td class="num">-</td>
                                                    <td class="num">-</td>
                  <td class="num">-</td>
                                                    <td class="num">-</td>
                  <td class="num">-</td>
                                                    <td class="num">-</td>
                  <td class="num">-</td>
                                                    <td class="num">-</td>
                  <td class="num">-</td>
                                                    <td class="num">-</td>
                  <td class="num">-</td>
                                                    <td class="num">-</td>
                  <td class="num">-</td>
                                                <td class="num col-total">1</td>
                <td class="num col-total">2.000.000</td>
              </tr>
            <tr class="row-total">
              <td class="tc-col">TOTAL</td>
                                              <td class="num">82</td>
                <td class="num">8.944.464</td>
                                              <td class="num">68</td>
                <td class="num">1.318.312</td>
                                              <td class="num">26</td>
                <td class="num">24.807</td>
                                              <td class="num">37</td>
                <td class="num">1.863.927</td>
                                              <td class="num">24</td>
                <td class="num">3.025.087</td>
                                              <td class="num">7</td>
                <td class="num">2.000.224</td>
                                              <td class="num">279</td>
                <td class="num">11.345.343</td>
                                              <td class="num">207</td>
                <td class="num">4.864.421</td>
                                              <td class="num">264</td>
                <td class="num">2.514.828</td>
                                              <td class="num">16</td>
                <td class="num">5.435</td>
                                              <td class="num">3</td>
                <td class="num">426</td>
                                              <td class="num">8</td>
                <td class="num">242.466</td>
                                              <td class="num">43</td>
                <td class="num">2.661.721</td>
                                              <td class="num">48</td>
                <td class="num">42.014</td>
                                          <td class="num col-total">1.112</td>
              <td class="num col-total">38.853.476</td>
            </tr>
            <tr class="row-vrd">
              <td class="tc-col">TCO</td>
                                              <td class="num" colspan="2">11,77</td>
                                              <td class="num" colspan="2">11,78</td>
                                              <td class="num" colspan="2">11,51</td>
                                              <td class="num" colspan="2">11,83</td>
                                              <td class="num" colspan="2">12,06</td>
                                              <td class="num" colspan="2">12,07</td>
                                              <td class="num" colspan="2">11,73</td>
                                              <td class="num" colspan="2">11,91</td>
                                              <td class="num" colspan="2">11,55</td>
                                              <td class="num" colspan="2">11,44</td>
                                              <td class="num" colspan="2">11,54</td>
                                              <td class="num" colspan="2">11,39</td>
                                              <td class="num" colspan="2">11,74</td>
                                              <td class="num" colspan="2">11,54</td>
                                          <td class="num col-total" colspan="2">11,80</td>
            </tr>
          </tbody>
        </table>
      </div>
      <div class="vrd-notes" aria-label="Notas metodológicas">
        <p><strong>TCO:</strong> Corresponde al tipo de cambio promedio ponderado de las operaciones cambiarias de compra realizadas por los Bancos Múltiples, los Bancos PymE y el Banco Público con sus clientes. Para su cálculo, cada tipo de cambio se multiplica por el monto de la operación correspondiente y, posteriormente, la suma de estos valores se divide entre el total de dólares transados en la jornada que corresponde.</p>
      </div>
    </div>
  </div>
  <script>
    (function(){
      var input = document.getElementById('fecha');
      var form = document.getElementById('vrdFechaForm');
      var help = document.getElementById('vrdFechaHelp');
      if (!input || !form) return;
      var fechas = [];
      try {
        fechas = JSON.parse(input.getAttribute('data-fechas') || '[]');
      } catch(e) {
        fechas = [];
      var permitidas = {};
      fechas.forEach(function(f){ permitidas[f] = true; });
      function marcarEstado(){
        var ok = permitidas[input.value] === true;
        input.setCustomValidity(ok ? '' : 'No existen datos cargados para esa fecha.');
        if (help) {
          help.className = ok ? 'vrd-date-help' : 'vrd-date-help is-visible';
        return ok;
      input.addEventListener('input', marcarEstado);
      input.addEventListener('change', marcarEstado);
      form.addEventListener('submit', function(ev){
        if (!marcarEstado()) {
          ev.preventDefault();
          input.reportValidity();
      });
      marcarEstado();
    })();
  </script>
</section>